{
  "project_info": {
    "project_number": "750555154720",
    "firebase_url": "https://androidnoddingdetection.firebaseio.com",
    "project_id": "androidnoddingdetection",
    "storage_bucket": "androidnoddingdetection.appspot.com"
  },
  "client": [
    {
      "client_info": {
        "mobilesdk_app_id": "1:750555154720:android:7bc4f79bcd72e850526f45",
        "android_client_info": {
          "package_name": "com.example.noddingdetection"
        }
      },
      "oauth_client": [
        {
          "client_id": "750555154720-3oj4t3earbktgshd3l41ph1crq0qh87n.apps.googleusercontent.com",
          "client_type": 3
        }
      ],
      "api_key": [
        {
          "current_key": "AIzaSyCgMDNiplTgzeCRDYhBcaGfyG3hu98lCA4"
        }
      ],
      "services": {
        "appinvite_service": {
          "other_platform_oauth_client": [
            {
              "client_id": "750555154720-3oj4t3earbktgshd3l41ph1crq0qh87n.apps.googleusercontent.com",
              "client_type": 3
            }
          ]
        }
      }
    }
  ],
  "configuration_version": "1"
}